{"chunk_definitions":[{"row":9,"row_count":1,"visible":true,"expansion_state":0,"options":{"engine":"r","label":"setup","include":false},"document_id":"F48E9F6F","chunk_id":"csetup_chunk","chunk_label":"setup"},{"row":106,"row_count":1,"visible":true,"expansion_state":0,"options":{"engine":"r","label":"unnamed-chunk-97"},"document_id":"F48E9F6F","chunk_id":"chzxq96bk4yrv","chunk_label":"unnamed-chunk-5"},{"row":122,"row_count":1,"visible":true,"expansion_state":0,"options":{"engine":"r","label":"unnamed-chunk-98"},"document_id":"F48E9F6F","chunk_id":"co95caps8blsl","chunk_label":"unnamed-chunk-6"},{"row":188,"row_count":1,"visible":true,"expansion_state":0,"options":{"engine":"r","label":"unnamed-chunk-115"},"document_id":"F48E9F6F","chunk_id":"cpjza1vp2q4lt","chunk_label":"unnamed-chunk-10"}],"doc_write_time":1689452193,"working_dir":null,"default_chunk_options":{"echo":true}}