{"chunk_definitions":[{"row":9,"row_count":1,"visible":true,"expansion_state":0,"options":{"engine":"r","label":"setup","include":false},"document_id":"F48E9F6F","chunk_id":"csetup_chunk","chunk_label":"setup"},{"row":84,"row_count":1,"visible":true,"expansion_state":0,"options":{"engine":"r","label":"unnamed-chunk-17"},"document_id":"F48E9F6F","chunk_id":"cjlzce4rprrav","chunk_label":"unnamed-chunk-4"},{"row":105,"row_count":1,"visible":true,"expansion_state":0,"options":{"engine":"r","label":"unnamed-chunk-18"},"document_id":"F48E9F6F","chunk_id":"cysk65t9zkk87","chunk_label":"unnamed-chunk-5"},{"row":123,"row_count":1,"visible":true,"expansion_state":0,"options":{"engine":"r","label":"unnamed-chunk-20"},"document_id":"F48E9F6F","chunk_id":"ci1j4xrp1j06s","chunk_label":"unnamed-chunk-6"}],"doc_write_time":1690151363,"working_dir":null,"default_chunk_options":{"echo":true}}