{"chunk_definitions":[{"row":9,"row_count":1,"visible":true,"expansion_state":0,"options":{"engine":"r","label":"setup","include":false},"document_id":"F48E9F6F","chunk_id":"csetup_chunk","chunk_label":"setup"},{"row":37,"row_count":1,"visible":true,"expansion_state":0,"options":{"engine":"r","label":"unnamed-chunk-11"},"document_id":"F48E9F6F","chunk_id":"cmgahwwzsgvng","chunk_label":"unnamed-chunk-1"},{"row":60,"row_count":1,"visible":true,"expansion_state":0,"options":{"engine":"r","label":"unnamed-chunk-31"},"document_id":"F48E9F6F","chunk_id":"c1px6wlecme40","chunk_label":"unnamed-chunk-2"}],"doc_write_time":1689386163,"working_dir":null,"default_chunk_options":{"echo":true}}